country_name,country_iso2,week,category,weekly_rank,show_title,season_title,cumulative_weeks_in_top_10
Malaysia,MY,6/2/2022,TV,1,All of Us Are Dead,All of Us Are Dead: Season 1,2
Malaysia,MY,6/2/2022,TV,2,Taxi Driver,,6
Malaysia,MY,6/2/2022,TV,3,Our Beloved Summer,Our Beloved Summer: Season 1,9
Malaysia,MY,6/2/2022,TV,4,Bulgasal: Immortal Souls,Bulgasal: Immortal Souls: Season 1,7
Malaysia,MY,6/2/2022,TV,5,Manifest,Manifest: Season 1,5
Malaysia,MY,6/2/2022,TV,6,Manifest,Manifest: Season 3,4
Malaysia,MY,6/2/2022,TV,7,In From the Cold,In From the Cold: Season 1,1
Malaysia,MY,6/2/2022,TV,8,Demon Slayer: Kimetsu no Yaiba,Demon Slayer: Kimetsu no Yaiba: Entertainment District Arc,6
Malaysia,MY,6/2/2022,TV,9,Manifest,Manifest: Season 2,5
Malaysia,MY,6/2/2022,TV,10,The Woman in the House Across the Street from the Girl in the Window,The Woman in the House Across the Street from the Girl in the Window: Season 1,1
Malaysia,MY,30/1/2022,TV,1,All of Us Are Dead,All of Us Are Dead: Season 1,1
Malaysia,MY,30/1/2022,TV,2,Our Beloved Summer,Our Beloved Summer: Season 1,8
Malaysia,MY,30/1/2022,TV,3,Taxi Driver,,5
Malaysia,MY,30/1/2022,TV,4,Manifest,Manifest: Season 1,4
Malaysia,MY,30/1/2022,TV,5,Bulgasal: Immortal Souls,Bulgasal: Immortal Souls: Season 1,6
Malaysia,MY,30/1/2022,TV,6,Manifest,Manifest: Season 3,3
Malaysia,MY,30/1/2022,TV,7,Manifest,Manifest: Season 2,4
Malaysia,MY,30/1/2022,TV,8,The Penthouse: War in Life,The Penthouse: War in Life: Season 1,4
Malaysia,MY,30/1/2022,TV,9,Demon Slayer: Kimetsu no Yaiba,Demon Slayer: Kimetsu no Yaiba: Entertainment District Arc,5
Malaysia,MY,30/1/2022,TV,10,The Penthouse: War in Life,The Penthouse: War in Life: Season 2,3
Malaysia,MY,23/1/2022,TV,1,Taxi Driver,,4
Malaysia,MY,23/1/2022,TV,2,Manifest,Manifest: Season 1,3
Malaysia,MY,23/1/2022,TV,3,Our Beloved Summer,Our Beloved Summer: Season 1,7
Malaysia,MY,23/1/2022,TV,4,Manifest,Manifest: Season 2,3
Malaysia,MY,23/1/2022,TV,5,Manifest,Manifest: Season 3,2
Malaysia,MY,23/1/2022,TV,6,The Penthouse: War in Life,The Penthouse: War in Life: Season 1,3
Malaysia,MY,23/1/2022,TV,7,Bulgasal: Immortal Souls,Bulgasal: Immortal Souls: Season 1,5
Malaysia,MY,23/1/2022,TV,8,Single’s Inferno,Single’s Inferno: Season 1,4
Malaysia,MY,23/1/2022,TV,9,The Penthouse: War in Life,The Penthouse: War in Life: Season 2,2
Malaysia,MY,23/1/2022,TV,10,Demon Slayer: Kimetsu no Yaiba,Demon Slayer: Kimetsu no Yaiba: Entertainment District Arc,4
Malaysia,MY,16/1/2022,TV,1,Taxi Driver,,3
Malaysia,MY,16/1/2022,TV,2,Manifest,Manifest: Season 1,2
Malaysia,MY,16/1/2022,TV,3,Manifest,Manifest: Season 2,2
Malaysia,MY,16/1/2022,TV,4,Our Beloved Summer,Our Beloved Summer: Season 1,6
Malaysia,MY,16/1/2022,TV,5,Manifest,Manifest: Season 3,1
Malaysia,MY,16/1/2022,TV,6,Single’s Inferno,Single’s Inferno: Season 1,3
Malaysia,MY,16/1/2022,TV,7,The Penthouse: War in Life,The Penthouse: War in Life: Season 1,2
Malaysia,MY,16/1/2022,TV,8,Bulgasal: Immortal Souls,Bulgasal: Immortal Souls: Season 1,4
Malaysia,MY,16/1/2022,TV,9,The Long Ballad,,2
Malaysia,MY,16/1/2022,TV,10,The Penthouse: War in Life,The Penthouse: War in Life: Season 2,1
Malaysia,MY,9/1/2022,TV,1,Taxi Driver,,2
Malaysia,MY,9/1/2022,TV,2,Manifest,Manifest: Season 1,1
Malaysia,MY,9/1/2022,TV,3,Single’s Inferno,Single’s Inferno: Season 1,2
Malaysia,MY,9/1/2022,TV,4,Our Beloved Summer,Our Beloved Summer: Season 1,5
Malaysia,MY,9/1/2022,TV,5,The Penthouse: War in Life,The Penthouse: War in Life: Season 1,1
Malaysia,MY,9/1/2022,TV,6,Manifest,Manifest: Season 2,1
Malaysia,MY,9/1/2022,TV,7,The Silent Sea,The Silent Sea: Season 1,3
Malaysia,MY,9/1/2022,TV,8,The Long Ballad,,1
Malaysia,MY,9/1/2022,TV,9,The Devil Judge,,2
Malaysia,MY,9/1/2022,TV,10,Bulgasal: Immortal Souls,Bulgasal: Immortal Souls: Season 1,3
Malaysia,MY,2/1/2022,TV,1,The Silent Sea,The Silent Sea: Season 1,2
Malaysia,MY,2/1/2022,TV,2,Emily in Paris,Emily in Paris: Season 2,2
Malaysia,MY,2/1/2022,TV,3,Our Beloved Summer,Our Beloved Summer: Season 1,4
Malaysia,MY,2/1/2022,TV,4,The Devil Judge,,1
Malaysia,MY,2/1/2022,TV,5,Taxi Driver,,1
Malaysia,MY,2/1/2022,TV,6,The Witcher,The Witcher: Season 2,3
Malaysia,MY,2/1/2022,TV,7,Single’s Inferno,Single’s Inferno: Season 1,1
Malaysia,MY,2/1/2022,TV,8,Bulgasal: Immortal Souls,Bulgasal: Immortal Souls: Season 1,2
Malaysia,MY,2/1/2022,TV,9,The King's Affection,The King's Affection: Season 1,12
Malaysia,MY,2/1/2022,TV,10,Tokyo Revengers,Tokyo Revengers: Season 1,1
Malaysia,MY,26/12/2021,TV,1,Emily in Paris,Emily in Paris: Season 2,1
Malaysia,MY,26/12/2021,TV,2,The Witcher,The Witcher: Season 2,2
Malaysia,MY,26/12/2021,TV,3,Our Beloved Summer,Our Beloved Summer: Season 1,3
Malaysia,MY,26/12/2021,TV,4,The Silent Sea,The Silent Sea: Season 1,1
Malaysia,MY,26/12/2021,TV,5,The Witcher,The Witcher: Season 1,2
Malaysia,MY,26/12/2021,TV,6,The King's Affection,The King's Affection: Season 1,11
Malaysia,MY,26/12/2021,TV,7,Bulgasal: Immortal Souls,Bulgasal: Immortal Souls: Season 1,1
Malaysia,MY,26/12/2021,TV,8,Money Heist,Money Heist: Part 5,7
Malaysia,MY,26/12/2021,TV,9,Hometown Cha-Cha-Cha,Hometown Cha-Cha-Cha: Season 1,17
Malaysia,MY,26/12/2021,TV,10,Demon Slayer: Kimetsu no Yaiba,Demon Slayer: Kimetsu no Yaiba: Entertainment District Arc,3
Malaysia,MY,19/12/2021,TV,1,The King's Affection,The King's Affection: Season 1,10
Malaysia,MY,19/12/2021,TV,2,The Witcher,The Witcher: Season 2,1
Malaysia,MY,19/12/2021,TV,3,Our Beloved Summer,Our Beloved Summer: Season 1,2
Malaysia,MY,19/12/2021,TV,4,Money Heist,Money Heist: Part 5,6
Malaysia,MY,19/12/2021,TV,5,The Witcher,The Witcher: Season 1,1
Malaysia,MY,19/12/2021,TV,6,Hometown Cha-Cha-Cha,Hometown Cha-Cha-Cha: Season 1,16
Malaysia,MY,19/12/2021,TV,7,Demon Slayer: Kimetsu no Yaiba,Demon Slayer: Kimetsu no Yaiba: Entertainment District Arc,2
Malaysia,MY,19/12/2021,TV,8,Squid Game,Squid Game: Season 1,14
Malaysia,MY,19/12/2021,TV,9,Money Heist,Money Heist: Part 1,8
Malaysia,MY,19/12/2021,TV,10,Vincenzo,Vincenzo: Season 1,23
Malaysia,MY,12/12/2021,TV,1,Money Heist,Money Heist: Part 5,5
Malaysia,MY,12/12/2021,TV,2,The King's Affection,The King's Affection: Season 1,9
Malaysia,MY,12/12/2021,TV,3,Hometown Cha-Cha-Cha,Hometown Cha-Cha-Cha: Season 1,15
Malaysia,MY,12/12/2021,TV,4,Our Beloved Summer,Our Beloved Summer: Season 1,1
Malaysia,MY,12/12/2021,TV,5,Money Heist,Money Heist: Part 1,7
Malaysia,MY,12/12/2021,TV,6,Demon Slayer: Kimetsu no Yaiba,Demon Slayer: Kimetsu no Yaiba: Entertainment District Arc,1
Malaysia,MY,12/12/2021,TV,7,Hellbound,Hellbound: Season 1,4
Malaysia,MY,12/12/2021,TV,8,Squid Game,Squid Game: Season 1,13
Malaysia,MY,12/12/2021,TV,9,Rain or Shine,Rain or Shine: Season 1,1
Malaysia,MY,12/12/2021,TV,10,Vincenzo,Vincenzo: Season 1,22
Malaysia,MY,5/12/2021,TV,1,Money Heist,Money Heist: Part 5,4
Malaysia,MY,5/12/2021,TV,2,The King's Affection,The King's Affection: Season 1,8
Malaysia,MY,5/12/2021,TV,3,Hellbound,Hellbound: Season 1,3
Malaysia,MY,5/12/2021,TV,4,Hometown Cha-Cha-Cha,Hometown Cha-Cha-Cha: Season 1,14
Malaysia,MY,5/12/2021,TV,5,Squid Game,Squid Game: Season 1,12
Malaysia,MY,5/12/2021,TV,6,Lost in Space,Lost in Space: Season 3,1
Malaysia,MY,5/12/2021,TV,7,Arcane,Arcane: Season 1,4
Malaysia,MY,5/12/2021,TV,8,Vincenzo,Vincenzo: Season 1,21
Malaysia,MY,5/12/2021,TV,9,Light the Night,Light the Night: Part 1,1
Malaysia,MY,5/12/2021,TV,10,My Name,My Name: Season 1,8
Malaysia,MY,28/11/2021,TV,1,Hellbound,Hellbound: Season 1,2
Malaysia,MY,28/11/2021,TV,2,The King's Affection,The King's Affection: Season 1,7
Malaysia,MY,28/11/2021,TV,3,Hometown Cha-Cha-Cha,Hometown Cha-Cha-Cha: Season 1,13
Malaysia,MY,28/11/2021,TV,4,Arcane,Arcane: Season 1,3
Malaysia,MY,28/11/2021,TV,5,Squid Game,Squid Game: Season 1,11
Malaysia,MY,28/11/2021,TV,6,Cowboy Bebop,Cowboy Bebop: Season 1,1
Malaysia,MY,28/11/2021,TV,7,My Name,My Name: Season 1,7
Malaysia,MY,28/11/2021,TV,8,Vincenzo,Vincenzo: Season 1,20
Malaysia,MY,28/11/2021,TV,9,The Good Doctor,The Good Doctor: Season 4,4
Malaysia,MY,28/11/2021,TV,10,Crash Landing on You,Crash Landing on You: Season 1,9
Malaysia,MY,21/11/2021,TV,1,The King's Affection,The King's Affection: Season 1,6
Malaysia,MY,21/11/2021,TV,2,Hellbound,Hellbound: Season 1,1
Malaysia,MY,21/11/2021,TV,3,Hometown Cha-Cha-Cha,Hometown Cha-Cha-Cha: Season 1,12
Malaysia,MY,21/11/2021,TV,4,Squid Game,Squid Game: Season 1,10
Malaysia,MY,21/11/2021,TV,5,My Name,My Name: Season 1,6
Malaysia,MY,21/11/2021,TV,6,Arcane,Arcane: Season 1,2
Malaysia,MY,21/11/2021,TV,7,The Good Doctor,The Good Doctor: Season 4,3
Malaysia,MY,21/11/2021,TV,8,Vincenzo,Vincenzo: Season 1,19
Malaysia,MY,21/11/2021,TV,9,Crash Landing on You,Crash Landing on You: Season 1,8
Malaysia,MY,21/11/2021,TV,10,Inspector Koo,Inspector Koo: Season 1,1
Malaysia,MY,14/11/2021,TV,1,The King's Affection,The King's Affection: Season 1,5
Malaysia,MY,14/11/2021,TV,2,Hometown Cha-Cha-Cha,Hometown Cha-Cha-Cha: Season 1,11
Malaysia,MY,14/11/2021,TV,3,My Name,My Name: Season 1,5
Malaysia,MY,14/11/2021,TV,4,Squid Game,Squid Game: Season 1,9
Malaysia,MY,14/11/2021,TV,5,The Good Doctor,The Good Doctor: Season 4,2
Malaysia,MY,14/11/2021,TV,6,Arcane,Arcane: Season 1,1
Malaysia,MY,14/11/2021,TV,7,Narcos: Mexico,Narcos: Mexico: Season 3,1
Malaysia,MY,14/11/2021,TV,8,Vincenzo,Vincenzo: Season 1,18
Malaysia,MY,14/11/2021,TV,9,Oh My Venus,Oh My Venus: Season 1,3
Malaysia,MY,14/11/2021,TV,10,Crash Landing on You,Crash Landing on You: Season 1,7
Malaysia,MY,7/11/2021,TV,1,Hometown Cha-Cha-Cha,Hometown Cha-Cha-Cha: Season 1,10
Malaysia,MY,7/11/2021,TV,2,My Name,My Name: Season 1,4
Malaysia,MY,7/11/2021,TV,3,The King's Affection,The King's Affection: Season 1,4
Malaysia,MY,7/11/2021,TV,4,Squid Game,Squid Game: Season 1,8
Malaysia,MY,7/11/2021,TV,5,The Good Doctor,The Good Doctor: Season 4,1
Malaysia,MY,7/11/2021,TV,6,Locke & Key,Locke & Key: Season 2,3
Malaysia,MY,7/11/2021,TV,7,Maya and the Three,Maya and the Three: Limited Series,2
Malaysia,MY,7/11/2021,TV,8,Vincenzo,Vincenzo: Season 1,17
Malaysia,MY,7/11/2021,TV,9,You,You: Season 3,4
Malaysia,MY,7/11/2021,TV,10,Oh My Venus,Oh My Venus: Season 1,2
Malaysia,MY,31/10/2021,TV,1,My Name,My Name: Season 1,3
Malaysia,MY,31/10/2021,TV,2,Hometown Cha-Cha-Cha,Hometown Cha-Cha-Cha: Season 1,9
Malaysia,MY,31/10/2021,TV,3,Squid Game,Squid Game: Season 1,7
Malaysia,MY,31/10/2021,TV,4,The King's Affection,The King's Affection: Season 1,3
Malaysia,MY,31/10/2021,TV,5,Locke & Key,Locke & Key: Season 2,2
Malaysia,MY,31/10/2021,TV,6,Maya and the Three,Maya and the Three: Limited Series,1
Malaysia,MY,31/10/2021,TV,7,You,You: Season 3,3
Malaysia,MY,31/10/2021,TV,8,Dynasty,Dynasty: Season 4,1
Malaysia,MY,31/10/2021,TV,9,Locke & Key,Locke & Key: Season 1,1
Malaysia,MY,31/10/2021,TV,10,Vincenzo,Vincenzo: Season 1,16
Malaysia,MY,24/10/2021,TV,1,My Name,My Name: Season 1,2
Malaysia,MY,24/10/2021,TV,2,Hometown Cha-Cha-Cha,Hometown Cha-Cha-Cha: Season 1,8
Malaysia,MY,24/10/2021,TV,3,Squid Game,Squid Game: Season 1,6
Malaysia,MY,24/10/2021,TV,4,You,You: Season 3,2
Malaysia,MY,24/10/2021,TV,5,The King's Affection,The King's Affection: Season 1,2
Malaysia,MY,24/10/2021,TV,6,Maid,Maid: Limited Series,4
Malaysia,MY,24/10/2021,TV,7,You,You: Season 1,1
Malaysia,MY,24/10/2021,TV,8,Vincenzo,Vincenzo: Season 1,15
Malaysia,MY,24/10/2021,TV,9,Locke & Key,Locke & Key: Season 2,1
Malaysia,MY,24/10/2021,TV,10,The Five Juanas,The Five Juanas: Season 1,2
Malaysia,MY,17/10/2021,TV,1,Hometown Cha-Cha-Cha,Hometown Cha-Cha-Cha: Season 1,7
Malaysia,MY,17/10/2021,TV,2,My Name,My Name: Season 1,1
Malaysia,MY,17/10/2021,TV,3,Squid Game,Squid Game: Season 1,5
Malaysia,MY,17/10/2021,TV,4,Maid,Maid: Limited Series,3
Malaysia,MY,17/10/2021,TV,5,You,You: Season 3,1
Malaysia,MY,17/10/2021,TV,6,House of Secrets: The Burari Deaths,House of Secrets: The Burari Deaths: Limited Series,1
Malaysia,MY,17/10/2021,TV,7,The Five Juanas,The Five Juanas: Season 1,1
Malaysia,MY,17/10/2021,TV,8,The King's Affection,The King's Affection: Season 1,1
Malaysia,MY,17/10/2021,TV,9,Alice in Borderland,Alice in Borderland: Season 1,4
Malaysia,MY,17/10/2021,TV,10,Vincenzo,Vincenzo: Season 1,14
Malaysia,MY,10/10/2021,TV,1,Hometown Cha-Cha-Cha,Hometown Cha-Cha-Cha: Season 1,6
Malaysia,MY,10/10/2021,TV,2,Squid Game,Squid Game: Season 1,4
Malaysia,MY,10/10/2021,TV,3,Maid,Maid: Limited Series,2
Malaysia,MY,10/10/2021,TV,4,Alice in Borderland,Alice in Borderland: Season 1,3
Malaysia,MY,10/10/2021,TV,5,Hell's Kitchen,Hell's Kitchen: Season 20,2
Malaysia,MY,10/10/2021,TV,6,Vincenzo,Vincenzo: Season 1,13
Malaysia,MY,10/10/2021,TV,7,Juvana,,1
Malaysia,MY,10/10/2021,TV,8,Money Heist,Money Heist: Part 1,6
Malaysia,MY,10/10/2021,TV,9,Baki Hanma,Baki Hanma: Season 1,1
Malaysia,MY,10/10/2021,TV,10,Oh My Venus,Oh My Venus: Season 1,1
Malaysia,MY,3/10/2021,TV,1,Squid Game,Squid Game: Season 1,3
Malaysia,MY,3/10/2021,TV,2,Hometown Cha-Cha-Cha,Hometown Cha-Cha-Cha: Season 1,5
Malaysia,MY,3/10/2021,TV,3,Alice in Borderland,Alice in Borderland: Season 1,2
Malaysia,MY,3/10/2021,TV,4,Sex Education,Sex Education: Season 3,3
Malaysia,MY,3/10/2021,TV,5,Midnight Mass,Midnight Mass: Limited Series,1
Malaysia,MY,3/10/2021,TV,6,Money Heist,Money Heist: Part 1,5
Malaysia,MY,3/10/2021,TV,7,Maid,Maid: Limited Series,1
Malaysia,MY,3/10/2021,TV,8,Vincenzo,Vincenzo: Season 1,12
Malaysia,MY,3/10/2021,TV,9,Hell's Kitchen,Hell's Kitchen: Season 20,1
Malaysia,MY,3/10/2021,TV,10,Hospital Playlist,Hospital Playlist: Season 2,13
Malaysia,MY,26/9/2021,TV,1,Squid Game,Squid Game: Season 1,2
Malaysia,MY,26/9/2021,TV,2,Hometown Cha-Cha-Cha,Hometown Cha-Cha-Cha: Season 1,4
Malaysia,MY,26/9/2021,TV,3,Alice in Borderland,Alice in Borderland: Season 1,1
Malaysia,MY,26/9/2021,TV,4,Sex Education,Sex Education: Season 3,2
Malaysia,MY,26/9/2021,TV,5,Money Heist,Money Heist: Part 1,4
Malaysia,MY,26/9/2021,TV,6,Hospital Playlist,Hospital Playlist: Season 2,12
Malaysia,MY,26/9/2021,TV,7,Mad Dog,,2
Malaysia,MY,26/9/2021,TV,8,Vincenzo,Vincenzo: Season 1,11
Malaysia,MY,26/9/2021,TV,9,Money Heist,Money Heist: Part 3,3
Malaysia,MY,26/9/2021,TV,10,Money Heist,Money Heist: Part 2,3
Malaysia,MY,19/9/2021,TV,1,Squid Game,Squid Game: Season 1,1
Malaysia,MY,19/9/2021,TV,2,Hometown Cha-Cha-Cha,Hometown Cha-Cha-Cha: Season 1,3
Malaysia,MY,19/9/2021,TV,3,Hospital Playlist,Hospital Playlist: Season 2,11
Malaysia,MY,19/9/2021,TV,4,Sex Education,Sex Education: Season 3,1
Malaysia,MY,19/9/2021,TV,5,Mad Dog,,1
Malaysia,MY,19/9/2021,TV,6,Money Heist,Money Heist: Part 1,3
Malaysia,MY,19/9/2021,TV,7,Lucifer,Lucifer: Season 6,2
Malaysia,MY,19/9/2021,TV,8,Money Heist,Money Heist: Part 5,3
Malaysia,MY,19/9/2021,TV,9,Money Heist,Money Heist: Part 3,2
Malaysia,MY,19/9/2021,TV,10,Money Heist,Money Heist: Part 2,2
Malaysia,MY,12/9/2021,TV,1,Hometown Cha-Cha-Cha,Hometown Cha-Cha-Cha: Season 1,2
Malaysia,MY,12/9/2021,TV,2,Money Heist,Money Heist: Part 1,2
Malaysia,MY,12/9/2021,TV,3,Money Heist,Money Heist: Part 5,2
Malaysia,MY,12/9/2021,TV,4,Hospital Playlist,Hospital Playlist: Season 2,10
Malaysia,MY,12/9/2021,TV,5,Money Heist,Money Heist: Part 2,1
Malaysia,MY,12/9/2021,TV,6,Money Heist,Money Heist: Part 3,1
Malaysia,MY,12/9/2021,TV,7,Couple on the Backtrack,,1
Malaysia,MY,12/9/2021,TV,8,Witch at Court,,1
Malaysia,MY,12/9/2021,TV,9,Money Heist,Money Heist: Part 4,1
Malaysia,MY,12/9/2021,TV,10,Lucifer,Lucifer: Season 6,1
Malaysia,MY,5/9/2021,TV,1,Money Heist,Money Heist: Part 5,1
Malaysia,MY,5/9/2021,TV,2,Hometown Cha-Cha-Cha,Hometown Cha-Cha-Cha: Season 1,1
Malaysia,MY,5/9/2021,TV,3,Money Heist,Money Heist: Part 1,1
Malaysia,MY,5/9/2021,TV,4,D.P.,D.P.: Season 1,2
Malaysia,MY,5/9/2021,TV,5,Clickbait,Clickbait: Limited Series,2
Malaysia,MY,5/9/2021,TV,6,Hospital Playlist,Hospital Playlist: Season 2,9
Malaysia,MY,5/9/2021,TV,7,Vincenzo,Vincenzo: Season 1,10
Malaysia,MY,5/9/2021,TV,8,Good Girls,Good Girls: Season 4,1
Malaysia,MY,5/9/2021,TV,9,"Nevertheless,","Nevertheless,: Season 1",10
Malaysia,MY,5/9/2021,TV,10,Crash Landing on You,Crash Landing on You: Season 1,6
Malaysia,MY,29/8/2021,TV,1,Hospital Playlist,Hospital Playlist: Season 2,8
Malaysia,MY,29/8/2021,TV,2,"Nevertheless,","Nevertheless,: Season 1",9
Malaysia,MY,29/8/2021,TV,3,D.P.,D.P.: Season 1,1
Malaysia,MY,29/8/2021,TV,4,Zombie Detective,,2
Malaysia,MY,29/8/2021,TV,5,Lawless Lawyer,,5
Malaysia,MY,29/8/2021,TV,6,Vincenzo,Vincenzo: Season 1,9
Malaysia,MY,29/8/2021,TV,7,The Good Doctor,The Good Doctor: Season 1,7
Malaysia,MY,29/8/2021,TV,8,Clickbait,Clickbait: Limited Series,1
Malaysia,MY,29/8/2021,TV,9,The Good Doctor,The Good Doctor: Season 3,6
Malaysia,MY,29/8/2021,TV,10,Mr. Robot,Mr. Robot: Season 1,1
Malaysia,MY,22/8/2021,TV,1,"Nevertheless,","Nevertheless,: Season 1",8
Malaysia,MY,22/8/2021,TV,2,Hospital Playlist,Hospital Playlist: Season 2,7
Malaysia,MY,22/8/2021,TV,3,Lawless Lawyer,,4
Malaysia,MY,22/8/2021,TV,4,The Crowned Clown,,2
Malaysia,MY,22/8/2021,TV,5,Zombie Detective,,1
Malaysia,MY,22/8/2021,TV,6,The Good Doctor,The Good Doctor: Season 1,6
Malaysia,MY,22/8/2021,TV,7,Vincenzo,Vincenzo: Season 1,8
Malaysia,MY,22/8/2021,TV,8,The Good Doctor,The Good Doctor: Season 3,5
Malaysia,MY,22/8/2021,TV,9,The Good Doctor,The Good Doctor: Season 2,6
Malaysia,MY,22/8/2021,TV,10,Crash Landing on You,Crash Landing on You: Season 1,5
Malaysia,MY,15/8/2021,TV,1,Lawless Lawyer,,3
Malaysia,MY,15/8/2021,TV,2,"Nevertheless,","Nevertheless,: Season 1",7
Malaysia,MY,15/8/2021,TV,3,Hospital Playlist,Hospital Playlist: Season 2,6
Malaysia,MY,15/8/2021,TV,4,The Good Doctor,The Good Doctor: Season 1,5
Malaysia,MY,15/8/2021,TV,5,The Good Doctor,The Good Doctor: Season 3,4
Malaysia,MY,15/8/2021,TV,6,The Crowned Clown,,1
Malaysia,MY,15/8/2021,TV,7,The Good Doctor,The Good Doctor: Season 2,5
Malaysia,MY,15/8/2021,TV,8,SHAMAN KING,SHAMAN KING: Season 1,1
Malaysia,MY,15/8/2021,TV,9,Vincenzo,Vincenzo: Season 1,7
Malaysia,MY,15/8/2021,TV,10,Racket Boys,Racket Boys: Season 1,5
Malaysia,MY,8/8/2021,TV,1,Lawless Lawyer,,2
Malaysia,MY,8/8/2021,TV,2,"Nevertheless,","Nevertheless,: Season 1",6
Malaysia,MY,8/8/2021,TV,3,The Good Doctor,The Good Doctor: Season 1,4
Malaysia,MY,8/8/2021,TV,4,The Good Doctor,The Good Doctor: Season 3,3
Malaysia,MY,8/8/2021,TV,5,Encounter,,1
Malaysia,MY,8/8/2021,TV,6,The Good Doctor,The Good Doctor: Season 2,4
Malaysia,MY,8/8/2021,TV,7,Love (ft. Marriage and Divorce),Love (ft. Marriage and Divorce): Season 2,4
Malaysia,MY,8/8/2021,TV,8,Hospital Playlist,Hospital Playlist: Season 2,5
Malaysia,MY,8/8/2021,TV,9,Vincenzo,Vincenzo: Season 1,6
Malaysia,MY,8/8/2021,TV,10,Crash Landing on You,Crash Landing on You: Season 1,4
Malaysia,MY,1/8/2021,TV,1,The Good Doctor,The Good Doctor: Season 1,3
Malaysia,MY,1/8/2021,TV,2,The Good Doctor,The Good Doctor: Season 2,3
Malaysia,MY,1/8/2021,TV,3,The Good Doctor,The Good Doctor: Season 3,2
Malaysia,MY,1/8/2021,TV,4,"Nevertheless,","Nevertheless,: Season 1",5
Malaysia,MY,1/8/2021,TV,5,Vincenzo,Vincenzo: Season 1,5
Malaysia,MY,1/8/2021,TV,6,Lawless Lawyer,,1
Malaysia,MY,1/8/2021,TV,7,Birth of a Beauty,Birth of a Beauty: Season 1,2
Malaysia,MY,1/8/2021,TV,8,Racket Boys,Racket Boys: Season 1,4
Malaysia,MY,1/8/2021,TV,9,Kingdom,Kingdom: Season 1,1
Malaysia,MY,1/8/2021,TV,10,The Blacklist,The Blacklist: Season 8,1
Malaysia,MY,25/7/2021,TV,1,The Good Doctor,The Good Doctor: Season 1,2
Malaysia,MY,25/7/2021,TV,2,The Good Doctor,The Good Doctor: Season 2,2
Malaysia,MY,25/7/2021,TV,3,The Good Doctor,The Good Doctor: Season 3,1
Malaysia,MY,25/7/2021,TV,4,"Nevertheless,","Nevertheless,: Season 1",4
Malaysia,MY,25/7/2021,TV,5,Vincenzo,Vincenzo: Season 1,4
Malaysia,MY,25/7/2021,TV,6,Hospital Playlist,Hospital Playlist: Season 2,4
Malaysia,MY,25/7/2021,TV,7,Never Have I Ever,Never Have I Ever: Season 2,2
Malaysia,MY,25/7/2021,TV,8,Love (ft. Marriage and Divorce),Love (ft. Marriage and Divorce): Season 2,3
Malaysia,MY,25/7/2021,TV,9,Sex/Life,Sex/Life: Season 1,4
Malaysia,MY,25/7/2021,TV,10,Crash Landing on You,Crash Landing on You: Season 1,3
Malaysia,MY,18/7/2021,TV,1,The Good Doctor,The Good Doctor: Season 1,1
Malaysia,MY,18/7/2021,TV,2,"Nevertheless,","Nevertheless,: Season 1",3
Malaysia,MY,18/7/2021,TV,3,Never Have I Ever,Never Have I Ever: Season 2,1
Malaysia,MY,18/7/2021,TV,4,Vincenzo,Vincenzo: Season 1,3
Malaysia,MY,18/7/2021,TV,5,Sex/Life,Sex/Life: Season 1,3
Malaysia,MY,18/7/2021,TV,6,Hospital Playlist,Hospital Playlist: Season 2,3
Malaysia,MY,18/7/2021,TV,7,The Good Doctor,The Good Doctor: Season 2,1
Malaysia,MY,18/7/2021,TV,8,Love (ft. Marriage and Divorce),Love (ft. Marriage and Divorce): Season 2,2
Malaysia,MY,18/7/2021,TV,9,Birth of a Beauty,Birth of a Beauty: Season 1,1
Malaysia,MY,18/7/2021,TV,10,Racket Boys,Racket Boys: Season 1,3
Malaysia,MY,11/7/2021,TV,1,Sex/Life,Sex/Life: Season 1,2
Malaysia,MY,11/7/2021,TV,2,"Nevertheless,","Nevertheless,: Season 1",2
Malaysia,MY,11/7/2021,TV,3,Vincenzo,Vincenzo: Season 1,2
Malaysia,MY,11/7/2021,TV,4,Hospital Playlist,Hospital Playlist: Season 2,2
Malaysia,MY,11/7/2021,TV,5,Mine,Mine: Season 1,2
Malaysia,MY,11/7/2021,TV,6,Racket Boys,Racket Boys: Season 1,2
Malaysia,MY,11/7/2021,TV,7,Love (ft. Marriage and Divorce),Love (ft. Marriage and Divorce): Season 2,1
Malaysia,MY,11/7/2021,TV,8,Hospital Playlist,Hospital Playlist: Season 1,2
Malaysia,MY,11/7/2021,TV,9,Reply 1988,Reply 1988: Season 1,1
Malaysia,MY,11/7/2021,TV,10,Crash Landing on You,Crash Landing on You: Season 1,2
Malaysia,MY,4/7/2021,TV,1,Sex/Life,Sex/Life: Season 1,1
Malaysia,MY,4/7/2021,TV,2,Mine,Mine: Season 1,1
Malaysia,MY,4/7/2021,TV,3,Vincenzo,Vincenzo: Season 1,1
Malaysia,MY,4/7/2021,TV,4,"Nevertheless,","Nevertheless,: Season 1",1
Malaysia,MY,4/7/2021,TV,5,Hospital Playlist,Hospital Playlist: Season 2,1
Malaysia,MY,4/7/2021,TV,6,Too Hot to Handle,Too Hot to Handle: Season 2,1
Malaysia,MY,4/7/2021,TV,7,A Korean Odyssey,A Korean Odyssey: Season 1,1
Malaysia,MY,4/7/2021,TV,8,Racket Boys,Racket Boys: Season 1,1
Malaysia,MY,4/7/2021,TV,9,Hospital Playlist,Hospital Playlist: Season 1,1
Malaysia,MY,4/7/2021,TV,10,Crash Landing on You,Crash Landing on You: Season 1,1
